data,acoes_em_circulacao,empresa_chave,empresa,ticker,setor
2022-01-17,594110976,smartfit,SMARTFIT ESCOLA DE GINÁSTICA E DANÇA S.A.,SMFT3,Consumo Cíclico / Academias
2022-01-18,586241984,smartfit,SMARTFIT ESCOLA DE GINÁSTICA E DANÇA S.A.,SMFT3,Consumo Cíclico / Academias
2022-02-08,598931968,smartfit,SMARTFIT ESCOLA DE GINÁSTICA E DANÇA S.A.,SMFT3,Consumo Cíclico / Academias
2022-02-09,586241984,smartfit,SMARTFIT ESCOLA DE GINÁSTICA E DANÇA S.A.,SMFT3,Consumo Cíclico / Academias
2022-02-11,586241984,smartfit,SMARTFIT ESCOLA DE GINÁSTICA E DANÇA S.A.,SMFT3,Consumo Cíclico / Academias
2022-02-17,587531008,smartfit,SMARTFIT ESCOLA DE GINÁSTICA E DANÇA S.A.,SMFT3,Consumo Cíclico / Academias
2022-02-18,590465024,smartfit,SMARTFIT ESCOLA DE GINÁSTICA E DANÇA S.A.,SMFT3,Consumo Cíclico / Academias
2022-02-19,586241984,smartfit,SMARTFIT ESCOLA DE GINÁSTICA E DANÇA S.A.,SMFT3,Consumo Cíclico / Academias
2022-02-26,589728000,smartfit,SMARTFIT ESCOLA DE GINÁSTICA E DANÇA S.A.,SMFT3,Consumo Cíclico / Academias
2022-02-28,586241984,smartfit,SMARTFIT ESCOLA DE GINÁSTICA E DANÇA S.A.,SMFT3,Consumo Cíclico / Academias
2022-03-07,591508992,smartfit,SMARTFIT ESCOLA DE GINÁSTICA E DANÇA S.A.,SMFT3,Consumo Cíclico / Academias
2022-03-08,592478976,smartfit,SMARTFIT ESCOLA DE GINÁSTICA E DANÇA S.A.,SMFT3,Consumo Cíclico / Academias
2022-03-09,588115008,smartfit,SMARTFIT ESCOLA DE GINÁSTICA E DANÇA S.A.,SMFT3,Consumo Cíclico / Academias
2022-03-12,586241984,smartfit,SMARTFIT ESCOLA DE GINÁSTICA E DANÇA S.A.,SMFT3,Consumo Cíclico / Academias
2022-04-14,587153984,smartfit,SMARTFIT ESCOLA DE GINÁSTICA E DANÇA S.A.,SMFT3,Consumo Cíclico / Academias
2022-04-15,586241984,smartfit,SMARTFIT ESCOLA DE GINÁSTICA E DANÇA S.A.,SMFT3,Consumo Cíclico / Academias
2022-04-27,596092032,smartfit,SMARTFIT ESCOLA DE GINÁSTICA E DANÇA S.A.,SMFT3,Consumo Cíclico / Academias
2022-04-28,586241984,smartfit,SMARTFIT ESCOLA DE GINÁSTICA E DANÇA S.A.,SMFT3,Consumo Cíclico / Academias
2022-05-31,608305024,smartfit,SMARTFIT ESCOLA DE GINÁSTICA E DANÇA S.A.,SMFT3,Consumo Cíclico / Academias
2022-06-01,599537984,smartfit,SMARTFIT ESCOLA DE GINÁSTICA E DANÇA S.A.,SMFT3,Consumo Cíclico / Academias
2022-06-02,586241984,smartfit,SMARTFIT ESCOLA DE GINÁSTICA E DANÇA S.A.,SMFT3,Consumo Cíclico / Academias
2022-06-14,633600000,smartfit,SMARTFIT ESCOLA DE GINÁSTICA E DANÇA S.A.,SMFT3,Consumo Cíclico / Academias
2022-06-15,586241984,smartfit,SMARTFIT ESCOLA DE GINÁSTICA E DANÇA S.A.,SMFT3,Consumo Cíclico / Academias
2022-08-23,600012992,smartfit,SMARTFIT ESCOLA DE GINÁSTICA E DANÇA S.A.,SMFT3,Consumo Cíclico / Academias
2022-08-24,600012992,smartfit,SMARTFIT ESCOLA DE GINÁSTICA E DANÇA S.A.,SMFT3,Consumo Cíclico / Academias
2022-09-14,586241984,smartfit,SMARTFIT ESCOLA DE GINÁSTICA E DANÇA S.A.,SMFT3,Consumo Cíclico / Academias
2022-10-04,552784000,smartfit,SMARTFIT ESCOLA DE GINÁSTICA E DANÇA S.A.,SMFT3,Consumo Cíclico / Academias
2022-10-05,586241984,smartfit,SMARTFIT ESCOLA DE GINÁSTICA E DANÇA S.A.,SMFT3,Consumo Cíclico / Academias
2022-11-12,587755008,smartfit,SMARTFIT ESCOLA DE GINÁSTICA E DANÇA S.A.,SMFT3,Consumo Cíclico / Academias
2022-11-14,586241984,smartfit,SMARTFIT ESCOLA DE GINÁSTICA E DANÇA S.A.,SMFT3,Consumo Cíclico / Academias
2022-11-25,587755008,smartfit,SMARTFIT ESCOLA DE GINÁSTICA E DANÇA S.A.,SMFT3,Consumo Cíclico / Academias
2022-11-27,586241984,smartfit,SMARTFIT ESCOLA DE GINÁSTICA E DANÇA S.A.,SMFT3,Consumo Cíclico / Academias
2022-12-30,589692992,smartfit,SMARTFIT ESCOLA DE GINÁSTICA E DANÇA S.A.,SMFT3,Consumo Cíclico / Academias
2022-12-31,586241984,smartfit,SMARTFIT ESCOLA DE GINÁSTICA E DANÇA S.A.,SMFT3,Consumo Cíclico / Academias
2023-02-08,588848000,smartfit,SMARTFIT ESCOLA DE GINÁSTICA E DANÇA S.A.,SMFT3,Consumo Cíclico / Academias
2023-02-09,586241984,smartfit,SMARTFIT ESCOLA DE GINÁSTICA E DANÇA S.A.,SMFT3,Consumo Cíclico / Academias
2023-02-18,588694976,smartfit,SMARTFIT ESCOLA DE GINÁSTICA E DANÇA S.A.,SMFT3,Consumo Cíclico / Academias
2023-02-21,586241984,smartfit,SMARTFIT ESCOLA DE GINÁSTICA E DANÇA S.A.,SMFT3,Consumo Cíclico / Academias
2023-03-01,586996992,smartfit,SMARTFIT ESCOLA DE GINÁSTICA E DANÇA S.A.,SMFT3,Consumo Cíclico / Academias
2023-03-02,586241984,smartfit,SMARTFIT ESCOLA DE GINÁSTICA E DANÇA S.A.,SMFT3,Consumo Cíclico / Academias
2023-03-05,589038016,smartfit,SMARTFIT ESCOLA DE GINÁSTICA E DANÇA S.A.,SMFT3,Consumo Cíclico / Academias
2023-03-08,586241984,smartfit,SMARTFIT ESCOLA DE GINÁSTICA E DANÇA S.A.,SMFT3,Consumo Cíclico / Academias
2023-03-18,596209024,smartfit,SMARTFIT ESCOLA DE GINÁSTICA E DANÇA S.A.,SMFT3,Consumo Cíclico / Academias
2023-03-20,586241984,smartfit,SMARTFIT ESCOLA DE GINÁSTICA E DANÇA S.A.,SMFT3,Consumo Cíclico / Academias
2023-03-23,615092992,smartfit,SMARTFIT ESCOLA DE GINÁSTICA E DANÇA S.A.,SMFT3,Consumo Cíclico / Academias
2023-03-24,586241984,smartfit,SMARTFIT ESCOLA DE GINÁSTICA E DANÇA S.A.,SMFT3,Consumo Cíclico / Academias
2023-03-29,595430016,smartfit,SMARTFIT ESCOLA DE GINÁSTICA E DANÇA S.A.,SMFT3,Consumo Cíclico / Academias
2023-03-30,586241984,smartfit,SMARTFIT ESCOLA DE GINÁSTICA E DANÇA S.A.,SMFT3,Consumo Cíclico / Academias
2023-03-31,601670016,smartfit,SMARTFIT ESCOLA DE GINÁSTICA E DANÇA S.A.,SMFT3,Consumo Cíclico / Academias
2023-04-02,586241984,smartfit,SMARTFIT ESCOLA DE GINÁSTICA E DANÇA S.A.,SMFT3,Consumo Cíclico / Academias
2023-04-04,593358976,smartfit,SMARTFIT ESCOLA DE GINÁSTICA E DANÇA S.A.,SMFT3,Consumo Cíclico / Academias
2023-04-05,586241984,smartfit,SMARTFIT ESCOLA DE GINÁSTICA E DANÇA S.A.,SMFT3,Consumo Cíclico / Academias
2023-04-19,587443008,smartfit,SMARTFIT ESCOLA DE GINÁSTICA E DANÇA S.A.,SMFT3,Consumo Cíclico / Academias
2023-04-20,586241984,smartfit,SMARTFIT ESCOLA DE GINÁSTICA E DANÇA S.A.,SMFT3,Consumo Cíclico / Academias
2023-04-21,606296000,smartfit,SMARTFIT ESCOLA DE GINÁSTICA E DANÇA S.A.,SMFT3,Consumo Cíclico / Academias
2023-04-22,586241984,smartfit,SMARTFIT ESCOLA DE GINÁSTICA E DANÇA S.A.,SMFT3,Consumo Cíclico / Academias
2023-06-02,602244992,smartfit,SMARTFIT ESCOLA DE GINÁSTICA E DANÇA S.A.,SMFT3,Consumo Cíclico / Academias
2023-06-04,586241984,smartfit,SMARTFIT ESCOLA DE GINÁSTICA E DANÇA S.A.,SMFT3,Consumo Cíclico / Academias
2023-06-13,589352000,smartfit,SMARTFIT ESCOLA DE GINÁSTICA E DANÇA S.A.,SMFT3,Consumo Cíclico / Academias
2023-06-15,586241984,smartfit,SMARTFIT ESCOLA DE GINÁSTICA E DANÇA S.A.,SMFT3,Consumo Cíclico / Academias
2023-07-12,586508992,smartfit,SMARTFIT ESCOLA DE GINÁSTICA E DANÇA S.A.,SMFT3,Consumo Cíclico / Academias
2023-07-15,586241984,smartfit,SMARTFIT ESCOLA DE GINÁSTICA E DANÇA S.A.,SMFT3,Consumo Cíclico / Academias
2023-07-20,589454976,smartfit,SMARTFIT ESCOLA DE GINÁSTICA E DANÇA S.A.,SMFT3,Consumo Cíclico / Academias
2023-07-21,586241984,smartfit,SMARTFIT ESCOLA DE GINÁSTICA E DANÇA S.A.,SMFT3,Consumo Cíclico / Academias
2023-08-22,586241984,smartfit,SMARTFIT ESCOLA DE GINÁSTICA E DANÇA S.A.,SMFT3,Consumo Cíclico / Academias
2023-09-27,604302976,smartfit,SMARTFIT ESCOLA DE GINÁSTICA E DANÇA S.A.,SMFT3,Consumo Cíclico / Academias
2023-09-29,586241984,smartfit,SMARTFIT ESCOLA DE GINÁSTICA E DANÇA S.A.,SMFT3,Consumo Cíclico / Academias
2023-10-19,586241984,smartfit,SMARTFIT ESCOLA DE GINÁSTICA E DANÇA S.A.,SMFT3,Consumo Cíclico / Academias
2023-10-20,586241984,smartfit,SMARTFIT ESCOLA DE GINÁSTICA E DANÇA S.A.,SMFT3,Consumo Cíclico / Academias
2023-10-26,586241984,smartfit,SMARTFIT ESCOLA DE GINÁSTICA E DANÇA S.A.,SMFT3,Consumo Cíclico / Academias
2023-10-26,604116992,smartfit,SMARTFIT ESCOLA DE GINÁSTICA E DANÇA S.A.,SMFT3,Consumo Cíclico / Academias
2023-10-28,586241984,smartfit,SMARTFIT ESCOLA DE GINÁSTICA E DANÇA S.A.,SMFT3,Consumo Cíclico / Academias
2023-10-28,619240000,smartfit,SMARTFIT ESCOLA DE GINÁSTICA E DANÇA S.A.,SMFT3,Consumo Cíclico / Academias
2023-10-31,595324032,smartfit,SMARTFIT ESCOLA DE GINÁSTICA E DANÇA S.A.,SMFT3,Consumo Cíclico / Academias
2023-10-31,586241984,smartfit,SMARTFIT ESCOLA DE GINÁSTICA E DANÇA S.A.,SMFT3,Consumo Cíclico / Academias
2023-11-01,586241984,smartfit,SMARTFIT ESCOLA DE GINÁSTICA E DANÇA S.A.,SMFT3,Consumo Cíclico / Academias
2023-11-02,586241984,smartfit,SMARTFIT ESCOLA DE GINÁSTICA E DANÇA S.A.,SMFT3,Consumo Cíclico / Academias
2023-11-04,586241984,smartfit,SMARTFIT ESCOLA DE GINÁSTICA E DANÇA S.A.,SMFT3,Consumo Cíclico / Academias
2023-11-05,586241984,smartfit,SMARTFIT ESCOLA DE GINÁSTICA E DANÇA S.A.,SMFT3,Consumo Cíclico / Academias
2023-11-07,586241984,smartfit,SMARTFIT ESCOLA DE GINÁSTICA E DANÇA S.A.,SMFT3,Consumo Cíclico / Academias
2023-11-09,592172032,smartfit,SMARTFIT ESCOLA DE GINÁSTICA E DANÇA S.A.,SMFT3,Consumo Cíclico / Academias
2023-11-10,586241984,smartfit,SMARTFIT ESCOLA DE GINÁSTICA E DANÇA S.A.,SMFT3,Consumo Cíclico / Academias
2023-11-17,586241984,smartfit,SMARTFIT ESCOLA DE GINÁSTICA E DANÇA S.A.,SMFT3,Consumo Cíclico / Academias
2023-11-18,586241984,smartfit,SMARTFIT ESCOLA DE GINÁSTICA E DANÇA S.A.,SMFT3,Consumo Cíclico / Academias
2023-11-18,590601984,smartfit,SMARTFIT ESCOLA DE GINÁSTICA E DANÇA S.A.,SMFT3,Consumo Cíclico / Academias
2023-11-22,591491008,smartfit,SMARTFIT ESCOLA DE GINÁSTICA E DANÇA S.A.,SMFT3,Consumo Cíclico / Academias
2023-11-23,586241984,smartfit,SMARTFIT ESCOLA DE GINÁSTICA E DANÇA S.A.,SMFT3,Consumo Cíclico / Academias
2023-11-25,586241984,smartfit,SMARTFIT ESCOLA DE GINÁSTICA E DANÇA S.A.,SMFT3,Consumo Cíclico / Academias
2023-11-28,586241984,smartfit,SMARTFIT ESCOLA DE GINÁSTICA E DANÇA S.A.,SMFT3,Consumo Cíclico / Academias
2023-11-29,586241984,smartfit,SMARTFIT ESCOLA DE GINÁSTICA E DANÇA S.A.,SMFT3,Consumo Cíclico / Academias
2023-11-30,586241984,smartfit,SMARTFIT ESCOLA DE GINÁSTICA E DANÇA S.A.,SMFT3,Consumo Cíclico / Academias
2023-12-06,589726976,smartfit,SMARTFIT ESCOLA DE GINÁSTICA E DANÇA S.A.,SMFT3,Consumo Cíclico / Academias
2023-12-06,586241984,smartfit,SMARTFIT ESCOLA DE GINÁSTICA E DANÇA S.A.,SMFT3,Consumo Cíclico / Academias
2023-12-07,586241984,smartfit,SMARTFIT ESCOLA DE GINÁSTICA E DANÇA S.A.,SMFT3,Consumo Cíclico / Academias
2023-12-08,586241984,smartfit,SMARTFIT ESCOLA DE GINÁSTICA E DANÇA S.A.,SMFT3,Consumo Cíclico / Academias
2023-12-09,586241984,smartfit,SMARTFIT ESCOLA DE GINÁSTICA E DANÇA S.A.,SMFT3,Consumo Cíclico / Academias
2023-12-13,586241984,smartfit,SMARTFIT ESCOLA DE GINÁSTICA E DANÇA S.A.,SMFT3,Consumo Cíclico / Academias
2023-12-14,586241984,smartfit,SMARTFIT ESCOLA DE GINÁSTICA E DANÇA S.A.,SMFT3,Consumo Cíclico / Academias
2023-12-15,595702016,smartfit,SMARTFIT ESCOLA DE GINÁSTICA E DANÇA S.A.,SMFT3,Consumo Cíclico / Academias
2023-12-16,586241984,smartfit,SMARTFIT ESCOLA DE GINÁSTICA E DANÇA S.A.,SMFT3,Consumo Cíclico / Academias
2023-12-21,586241984,smartfit,SMARTFIT ESCOLA DE GINÁSTICA E DANÇA S.A.,SMFT3,Consumo Cíclico / Academias
2023-12-22,586241984,smartfit,SMARTFIT ESCOLA DE GINÁSTICA E DANÇA S.A.,SMFT3,Consumo Cíclico / Academias
2023-12-23,586241984,smartfit,SMARTFIT ESCOLA DE GINÁSTICA E DANÇA S.A.,SMFT3,Consumo Cíclico / Academias
2023-12-24,586241984,smartfit,SMARTFIT ESCOLA DE GINÁSTICA E DANÇA S.A.,SMFT3,Consumo Cíclico / Academias
2023-12-28,586241984,smartfit,SMARTFIT ESCOLA DE GINÁSTICA E DANÇA S.A.,SMFT3,Consumo Cíclico / Academias
2024-01-04,586241984,smartfit,SMARTFIT ESCOLA DE GINÁSTICA E DANÇA S.A.,SMFT3,Consumo Cíclico / Academias
2024-01-06,586241984,smartfit,SMARTFIT ESCOLA DE GINÁSTICA E DANÇA S.A.,SMFT3,Consumo Cíclico / Academias
2024-01-11,593593024,smartfit,SMARTFIT ESCOLA DE GINÁSTICA E DANÇA S.A.,SMFT3,Consumo Cíclico / Academias
2024-01-11,586241984,smartfit,SMARTFIT ESCOLA DE GINÁSTICA E DANÇA S.A.,SMFT3,Consumo Cíclico / Academias
2024-01-12,586241984,smartfit,SMARTFIT ESCOLA DE GINÁSTICA E DANÇA S.A.,SMFT3,Consumo Cíclico / Academias
2024-01-13,586241984,smartfit,SMARTFIT ESCOLA DE GINÁSTICA E DANÇA S.A.,SMFT3,Consumo Cíclico / Academias
2024-01-17,586241984,smartfit,SMARTFIT ESCOLA DE GINÁSTICA E DANÇA S.A.,SMFT3,Consumo Cíclico / Academias
2024-01-19,586241984,smartfit,SMARTFIT ESCOLA DE GINÁSTICA E DANÇA S.A.,SMFT3,Consumo Cíclico / Academias
2024-01-20,586241984,smartfit,SMARTFIT ESCOLA DE GINÁSTICA E DANÇA S.A.,SMFT3,Consumo Cíclico / Academias
2024-01-23,610689024,smartfit,SMARTFIT ESCOLA DE GINÁSTICA E DANÇA S.A.,SMFT3,Consumo Cíclico / Academias
2024-01-23,586241984,smartfit,SMARTFIT ESCOLA DE GINÁSTICA E DANÇA S.A.,SMFT3,Consumo Cíclico / Academias
2024-01-24,586241984,smartfit,SMARTFIT ESCOLA DE GINÁSTICA E DANÇA S.A.,SMFT3,Consumo Cíclico / Academias
2024-01-26,586241984,smartfit,SMARTFIT ESCOLA DE GINÁSTICA E DANÇA S.A.,SMFT3,Consumo Cíclico / Academias
2024-01-30,586241984,smartfit,SMARTFIT ESCOLA DE GINÁSTICA E DANÇA S.A.,SMFT3,Consumo Cíclico / Academias
2024-02-01,590835968,smartfit,SMARTFIT ESCOLA DE GINÁSTICA E DANÇA S.A.,SMFT3,Consumo Cíclico / Academias
2024-02-01,586241984,smartfit,SMARTFIT ESCOLA DE GINÁSTICA E DANÇA S.A.,SMFT3,Consumo Cíclico / Academias
2024-02-02,586241984,smartfit,SMARTFIT ESCOLA DE GINÁSTICA E DANÇA S.A.,SMFT3,Consumo Cíclico / Academias
2024-02-06,586241984,smartfit,SMARTFIT ESCOLA DE GINÁSTICA E DANÇA S.A.,SMFT3,Consumo Cíclico / Academias
2024-02-07,598745984,smartfit,SMARTFIT ESCOLA DE GINÁSTICA E DANÇA S.A.,SMFT3,Consumo Cíclico / Academias
2024-02-07,586241984,smartfit,SMARTFIT ESCOLA DE GINÁSTICA E DANÇA S.A.,SMFT3,Consumo Cíclico / Academias
2024-02-09,586241984,smartfit,SMARTFIT ESCOLA DE GINÁSTICA E DANÇA S.A.,SMFT3,Consumo Cíclico / Academias
2024-02-09,590313024,smartfit,SMARTFIT ESCOLA DE GINÁSTICA E DANÇA S.A.,SMFT3,Consumo Cíclico / Academias
2024-02-15,586241984,smartfit,SMARTFIT ESCOLA DE GINÁSTICA E DANÇA S.A.,SMFT3,Consumo Cíclico / Academias
2024-02-17,586241984,smartfit,SMARTFIT ESCOLA DE GINÁSTICA E DANÇA S.A.,SMFT3,Consumo Cíclico / Academias
2024-02-20,586241984,smartfit,SMARTFIT ESCOLA DE GINÁSTICA E DANÇA S.A.,SMFT3,Consumo Cíclico / Academias
2024-02-27,586241984,smartfit,SMARTFIT ESCOLA DE GINÁSTICA E DANÇA S.A.,SMFT3,Consumo Cíclico / Academias
2024-02-27,592524992,smartfit,SMARTFIT ESCOLA DE GINÁSTICA E DANÇA S.A.,SMFT3,Consumo Cíclico / Academias
2024-02-28,586241984,smartfit,SMARTFIT ESCOLA DE GINÁSTICA E DANÇA S.A.,SMFT3,Consumo Cíclico / Academias
2024-02-29,600886016,smartfit,SMARTFIT ESCOLA DE GINÁSTICA E DANÇA S.A.,SMFT3,Consumo Cíclico / Academias
2024-02-29,586241984,smartfit,SMARTFIT ESCOLA DE GINÁSTICA E DANÇA S.A.,SMFT3,Consumo Cíclico / Academias
2024-03-01,586241984,smartfit,SMARTFIT ESCOLA DE GINÁSTICA E DANÇA S.A.,SMFT3,Consumo Cíclico / Academias
2024-03-02,586241984,smartfit,SMARTFIT ESCOLA DE GINÁSTICA E DANÇA S.A.,SMFT3,Consumo Cíclico / Academias
2024-03-05,586241984,smartfit,SMARTFIT ESCOLA DE GINÁSTICA E DANÇA S.A.,SMFT3,Consumo Cíclico / Academias
2024-03-08,586241984,smartfit,SMARTFIT ESCOLA DE GINÁSTICA E DANÇA S.A.,SMFT3,Consumo Cíclico / Academias
2024-03-14,586241984,smartfit,SMARTFIT ESCOLA DE GINÁSTICA E DANÇA S.A.,SMFT3,Consumo Cíclico / Academias
2024-03-16,586241984,smartfit,SMARTFIT ESCOLA DE GINÁSTICA E DANÇA S.A.,SMFT3,Consumo Cíclico / Academias
2024-03-16,590193984,smartfit,SMARTFIT ESCOLA DE GINÁSTICA E DANÇA S.A.,SMFT3,Consumo Cíclico / Academias
2024-03-19,586241984,smartfit,SMARTFIT ESCOLA DE GINÁSTICA E DANÇA S.A.,SMFT3,Consumo Cíclico / Academias
2024-03-20,586241984,smartfit,SMARTFIT ESCOLA DE GINÁSTICA E DANÇA S.A.,SMFT3,Consumo Cíclico / Academias
2024-03-22,586241984,smartfit,SMARTFIT ESCOLA DE GINÁSTICA E DANÇA S.A.,SMFT3,Consumo Cíclico / Academias
2024-03-23,596396032,smartfit,SMARTFIT ESCOLA DE GINÁSTICA E DANÇA S.A.,SMFT3,Consumo Cíclico / Academias
2024-03-23,586241984,smartfit,SMARTFIT ESCOLA DE GINÁSTICA E DANÇA S.A.,SMFT3,Consumo Cíclico / Academias
2024-03-26,588457984,smartfit,SMARTFIT ESCOLA DE GINÁSTICA E DANÇA S.A.,SMFT3,Consumo Cíclico / Academias
2024-03-26,586241984,smartfit,SMARTFIT ESCOLA DE GINÁSTICA E DANÇA S.A.,SMFT3,Consumo Cíclico / Academias
2024-03-27,588913024,smartfit,SMARTFIT ESCOLA DE GINÁSTICA E DANÇA S.A.,SMFT3,Consumo Cíclico / Academias
2024-03-27,586241984,smartfit,SMARTFIT ESCOLA DE GINÁSTICA E DANÇA S.A.,SMFT3,Consumo Cíclico / Academias
2024-04-12,586241984,smartfit,SMARTFIT ESCOLA DE GINÁSTICA E DANÇA S.A.,SMFT3,Consumo Cíclico / Academias
2024-04-13,608137984,smartfit,SMARTFIT ESCOLA DE GINÁSTICA E DANÇA S.A.,SMFT3,Consumo Cíclico / Academias
2024-04-13,586241984,smartfit,SMARTFIT ESCOLA DE GINÁSTICA E DANÇA S.A.,SMFT3,Consumo Cíclico / Academias
2024-04-16,586241984,smartfit,SMARTFIT ESCOLA DE GINÁSTICA E DANÇA S.A.,SMFT3,Consumo Cíclico / Academias
2024-04-17,586241984,smartfit,SMARTFIT ESCOLA DE GINÁSTICA E DANÇA S.A.,SMFT3,Consumo Cíclico / Academias
2024-04-18,586241984,smartfit,SMARTFIT ESCOLA DE GINÁSTICA E DANÇA S.A.,SMFT3,Consumo Cíclico / Academias
2024-04-19,594496000,smartfit,SMARTFIT ESCOLA DE GINÁSTICA E DANÇA S.A.,SMFT3,Consumo Cíclico / Academias
2024-04-19,586241984,smartfit,SMARTFIT ESCOLA DE GINÁSTICA E DANÇA S.A.,SMFT3,Consumo Cíclico / Academias
2024-04-20,586241984,smartfit,SMARTFIT ESCOLA DE GINÁSTICA E DANÇA S.A.,SMFT3,Consumo Cíclico / Academias
2024-04-23,586241984,smartfit,SMARTFIT ESCOLA DE GINÁSTICA E DANÇA S.A.,SMFT3,Consumo Cíclico / Academias
2024-04-24,586241984,smartfit,SMARTFIT ESCOLA DE GINÁSTICA E DANÇA S.A.,SMFT3,Consumo Cíclico / Academias
2024-04-26,590086976,smartfit,SMARTFIT ESCOLA DE GINÁSTICA E DANÇA S.A.,SMFT3,Consumo Cíclico / Academias
2024-04-26,586241984,smartfit,SMARTFIT ESCOLA DE GINÁSTICA E DANÇA S.A.,SMFT3,Consumo Cíclico / Academias
2024-04-27,586241984,smartfit,SMARTFIT ESCOLA DE GINÁSTICA E DANÇA S.A.,SMFT3,Consumo Cíclico / Academias
2024-04-30,586241984,smartfit,SMARTFIT ESCOLA DE GINÁSTICA E DANÇA S.A.,SMFT3,Consumo Cíclico / Academias
2024-05-01,610235008,smartfit,SMARTFIT ESCOLA DE GINÁSTICA E DANÇA S.A.,SMFT3,Consumo Cíclico / Academias
2024-05-01,586241984,smartfit,SMARTFIT ESCOLA DE GINÁSTICA E DANÇA S.A.,SMFT3,Consumo Cíclico / Academias
2024-05-07,611459968,smartfit,SMARTFIT ESCOLA DE GINÁSTICA E DANÇA S.A.,SMFT3,Consumo Cíclico / Academias
2024-05-07,586241984,smartfit,SMARTFIT ESCOLA DE GINÁSTICA E DANÇA S.A.,SMFT3,Consumo Cíclico / Academias
2024-05-14,586241984,smartfit,SMARTFIT ESCOLA DE GINÁSTICA E DANÇA S.A.,SMFT3,Consumo Cíclico / Academias
2024-05-14,593939008,smartfit,SMARTFIT ESCOLA DE GINÁSTICA E DANÇA S.A.,SMFT3,Consumo Cíclico / Academias
2024-05-15,586241984,smartfit,SMARTFIT ESCOLA DE GINÁSTICA E DANÇA S.A.,SMFT3,Consumo Cíclico / Academias
2024-05-21,593392000,smartfit,SMARTFIT ESCOLA DE GINÁSTICA E DANÇA S.A.,SMFT3,Consumo Cíclico / Academias
2024-05-21,586241984,smartfit,SMARTFIT ESCOLA DE GINÁSTICA E DANÇA S.A.,SMFT3,Consumo Cíclico / Academias
2024-05-23,586241984,smartfit,SMARTFIT ESCOLA DE GINÁSTICA E DANÇA S.A.,SMFT3,Consumo Cíclico / Academias
2024-05-24,586241984,smartfit,SMARTFIT ESCOLA DE GINÁSTICA E DANÇA S.A.,SMFT3,Consumo Cíclico / Academias
2024-05-25,586241984,smartfit,SMARTFIT ESCOLA DE GINÁSTICA E DANÇA S.A.,SMFT3,Consumo Cíclico / Academias
2024-05-28,586241984,smartfit,SMARTFIT ESCOLA DE GINÁSTICA E DANÇA S.A.,SMFT3,Consumo Cíclico / Academias
2024-06-01,586241984,smartfit,SMARTFIT ESCOLA DE GINÁSTICA E DANÇA S.A.,SMFT3,Consumo Cíclico / Academias
2024-06-04,586241984,smartfit,SMARTFIT ESCOLA DE GINÁSTICA E DANÇA S.A.,SMFT3,Consumo Cíclico / Academias
2024-06-06,590924032,smartfit,SMARTFIT ESCOLA DE GINÁSTICA E DANÇA S.A.,SMFT3,Consumo Cíclico / Academias
2024-06-06,586241984,smartfit,SMARTFIT ESCOLA DE GINÁSTICA E DANÇA S.A.,SMFT3,Consumo Cíclico / Academias
2024-06-07,586241984,smartfit,SMARTFIT ESCOLA DE GINÁSTICA E DANÇA S.A.,SMFT3,Consumo Cíclico / Academias
2024-06-08,586241984,smartfit,SMARTFIT ESCOLA DE GINÁSTICA E DANÇA S.A.,SMFT3,Consumo Cíclico / Academias
2024-06-11,603878016,smartfit,SMARTFIT ESCOLA DE GINÁSTICA E DANÇA S.A.,SMFT3,Consumo Cíclico / Academias
2024-06-11,586241984,smartfit,SMARTFIT ESCOLA DE GINÁSTICA E DANÇA S.A.,SMFT3,Consumo Cíclico / Academias
2024-06-13,586241984,smartfit,SMARTFIT ESCOLA DE GINÁSTICA E DANÇA S.A.,SMFT3,Consumo Cíclico / Academias
2024-06-14,592964992,smartfit,SMARTFIT ESCOLA DE GINÁSTICA E DANÇA S.A.,SMFT3,Consumo Cíclico / Academias
2024-06-14,586241984,smartfit,SMARTFIT ESCOLA DE GINÁSTICA E DANÇA S.A.,SMFT3,Consumo Cíclico / Academias
2024-06-15,586241984,smartfit,SMARTFIT ESCOLA DE GINÁSTICA E DANÇA S.A.,SMFT3,Consumo Cíclico / Academias
2024-06-19,586241984,smartfit,SMARTFIT ESCOLA DE GINÁSTICA E DANÇA S.A.,SMFT3,Consumo Cíclico / Academias
2024-06-20,586241984,smartfit,SMARTFIT ESCOLA DE GINÁSTICA E DANÇA S.A.,SMFT3,Consumo Cíclico / Academias
2024-06-21,586241984,smartfit,SMARTFIT ESCOLA DE GINÁSTICA E DANÇA S.A.,SMFT3,Consumo Cíclico / Academias
2024-06-25,589472000,smartfit,SMARTFIT ESCOLA DE GINÁSTICA E DANÇA S.A.,SMFT3,Consumo Cíclico / Academias
2024-06-26,586241984,smartfit,SMARTFIT ESCOLA DE GINÁSTICA E DANÇA S.A.,SMFT3,Consumo Cíclico / Academias
2024-06-28,586241984,smartfit,SMARTFIT ESCOLA DE GINÁSTICA E DANÇA S.A.,SMFT3,Consumo Cíclico / Academias
2024-06-29,586241984,smartfit,SMARTFIT ESCOLA DE GINÁSTICA E DANÇA S.A.,SMFT3,Consumo Cíclico / Academias
2024-07-02,586241984,smartfit,SMARTFIT ESCOLA DE GINÁSTICA E DANÇA S.A.,SMFT3,Consumo Cíclico / Academias
2024-07-02,591670016,smartfit,SMARTFIT ESCOLA DE GINÁSTICA E DANÇA S.A.,SMFT3,Consumo Cíclico / Academias
2024-07-03,586241984,smartfit,SMARTFIT ESCOLA DE GINÁSTICA E DANÇA S.A.,SMFT3,Consumo Cíclico / Academias
2024-07-03,608286016,smartfit,SMARTFIT ESCOLA DE GINÁSTICA E DANÇA S.A.,SMFT3,Consumo Cíclico / Academias
2024-07-04,586241984,smartfit,SMARTFIT ESCOLA DE GINÁSTICA E DANÇA S.A.,SMFT3,Consumo Cíclico / Academias
2024-07-05,586241984,smartfit,SMARTFIT ESCOLA DE GINÁSTICA E DANÇA S.A.,SMFT3,Consumo Cíclico / Academias
2024-07-06,586241984,smartfit,SMARTFIT ESCOLA DE GINÁSTICA E DANÇA S.A.,SMFT3,Consumo Cíclico / Academias
2024-07-12,586241984,smartfit,SMARTFIT ESCOLA DE GINÁSTICA E DANÇA S.A.,SMFT3,Consumo Cíclico / Academias
2024-07-13,590070976,smartfit,SMARTFIT ESCOLA DE GINÁSTICA E DANÇA S.A.,SMFT3,Consumo Cíclico / Academias
2024-07-13,586241984,smartfit,SMARTFIT ESCOLA DE GINÁSTICA E DANÇA S.A.,SMFT3,Consumo Cíclico / Academias
2024-07-16,586241984,smartfit,SMARTFIT ESCOLA DE GINÁSTICA E DANÇA S.A.,SMFT3,Consumo Cíclico / Academias
2024-07-17,593200000,smartfit,SMARTFIT ESCOLA DE GINÁSTICA E DANÇA S.A.,SMFT3,Consumo Cíclico / Academias
2024-07-17,586241984,smartfit,SMARTFIT ESCOLA DE GINÁSTICA E DANÇA S.A.,SMFT3,Consumo Cíclico / Academias
2024-07-18,586241984,smartfit,SMARTFIT ESCOLA DE GINÁSTICA E DANÇA S.A.,SMFT3,Consumo Cíclico / Academias
2024-07-19,586241984,smartfit,SMARTFIT ESCOLA DE GINÁSTICA E DANÇA S.A.,SMFT3,Consumo Cíclico / Academias
2024-07-19,599387008,smartfit,SMARTFIT ESCOLA DE GINÁSTICA E DANÇA S.A.,SMFT3,Consumo Cíclico / Academias
2024-07-20,586241984,smartfit,SMARTFIT ESCOLA DE GINÁSTICA E DANÇA S.A.,SMFT3,Consumo Cíclico / Academias
2024-07-23,589140992,smartfit,SMARTFIT ESCOLA DE GINÁSTICA E DANÇA S.A.,SMFT3,Consumo Cíclico / Academias
2024-07-23,586241984,smartfit,SMARTFIT ESCOLA DE GINÁSTICA E DANÇA S.A.,SMFT3,Consumo Cíclico / Academias
2024-07-24,586241984,smartfit,SMARTFIT ESCOLA DE GINÁSTICA E DANÇA S.A.,SMFT3,Consumo Cíclico / Academias
2024-07-24,592904000,smartfit,SMARTFIT ESCOLA DE GINÁSTICA E DANÇA S.A.,SMFT3,Consumo Cíclico / Academias
2024-07-25,586241984,smartfit,SMARTFIT ESCOLA DE GINÁSTICA E DANÇA S.A.,SMFT3,Consumo Cíclico / Academias
2024-07-26,587897984,smartfit,SMARTFIT ESCOLA DE GINÁSTICA E DANÇA S.A.,SMFT3,Consumo Cíclico / Academias
2024-07-26,586241984,smartfit,SMARTFIT ESCOLA DE GINÁSTICA E DANÇA S.A.,SMFT3,Consumo Cíclico / Academias
2024-07-27,586241984,smartfit,SMARTFIT ESCOLA DE GINÁSTICA E DANÇA S.A.,SMFT3,Consumo Cíclico / Academias
2024-07-30,586241984,smartfit,SMARTFIT ESCOLA DE GINÁSTICA E DANÇA S.A.,SMFT3,Consumo Cíclico / Academias
2024-08-01,586241984,smartfit,SMARTFIT ESCOLA DE GINÁSTICA E DANÇA S.A.,SMFT3,Consumo Cíclico / Academias
2024-08-02,601273984,smartfit,SMARTFIT ESCOLA DE GINÁSTICA E DANÇA S.A.,SMFT3,Consumo Cíclico / Academias
2024-08-02,586241984,smartfit,SMARTFIT ESCOLA DE GINÁSTICA E DANÇA S.A.,SMFT3,Consumo Cíclico / Academias
2024-08-03,586241984,smartfit,SMARTFIT ESCOLA DE GINÁSTICA E DANÇA S.A.,SMFT3,Consumo Cíclico / Academias
2024-08-06,586241984,smartfit,SMARTFIT ESCOLA DE GINÁSTICA E DANÇA S.A.,SMFT3,Consumo Cíclico / Academias
2024-08-07,586241984,smartfit,SMARTFIT ESCOLA DE GINÁSTICA E DANÇA S.A.,SMFT3,Consumo Cíclico / Academias
2024-08-09,586241984,smartfit,SMARTFIT ESCOLA DE GINÁSTICA E DANÇA S.A.,SMFT3,Consumo Cíclico / Academias
2024-08-10,586241984,smartfit,SMARTFIT ESCOLA DE GINÁSTICA E DANÇA S.A.,SMFT3,Consumo Cíclico / Academias
2024-08-17,605137024,smartfit,SMARTFIT ESCOLA DE GINÁSTICA E DANÇA S.A.,SMFT3,Consumo Cíclico / Academias
2024-08-17,586241984,smartfit,SMARTFIT ESCOLA DE GINÁSTICA E DANÇA S.A.,SMFT3,Consumo Cíclico / Academias
2024-08-20,586241984,smartfit,SMARTFIT ESCOLA DE GINÁSTICA E DANÇA S.A.,SMFT3,Consumo Cíclico / Academias
2024-08-22,586241984,smartfit,SMARTFIT ESCOLA DE GINÁSTICA E DANÇA S.A.,SMFT3,Consumo Cíclico / Academias
2024-08-24,586241984,smartfit,SMARTFIT ESCOLA DE GINÁSTICA E DANÇA S.A.,SMFT3,Consumo Cíclico / Academias
2024-08-27,590806016,smartfit,SMARTFIT ESCOLA DE GINÁSTICA E DANÇA S.A.,SMFT3,Consumo Cíclico / Academias
2024-08-27,586241984,smartfit,SMARTFIT ESCOLA DE GINÁSTICA E DANÇA S.A.,SMFT3,Consumo Cíclico / Academias
2024-08-29,592854976,smartfit,SMARTFIT ESCOLA DE GINÁSTICA E DANÇA S.A.,SMFT3,Consumo Cíclico / Academias
2024-08-29,586241984,smartfit,SMARTFIT ESCOLA DE GINÁSTICA E DANÇA S.A.,SMFT3,Consumo Cíclico / Academias
2024-08-30,602446976,smartfit,SMARTFIT ESCOLA DE GINÁSTICA E DANÇA S.A.,SMFT3,Consumo Cíclico / Academias
2024-08-30,586241984,smartfit,SMARTFIT ESCOLA DE GINÁSTICA E DANÇA S.A.,SMFT3,Consumo Cíclico / Academias
2024-08-31,596345024,smartfit,SMARTFIT ESCOLA DE GINÁSTICA E DANÇA S.A.,SMFT3,Consumo Cíclico / Academias
2024-08-31,586241984,smartfit,SMARTFIT ESCOLA DE GINÁSTICA E DANÇA S.A.,SMFT3,Consumo Cíclico / Academias
2024-09-03,591067008,smartfit,SMARTFIT ESCOLA DE GINÁSTICA E DANÇA S.A.,SMFT3,Consumo Cíclico / Academias
2024-09-03,586241984,smartfit,SMARTFIT ESCOLA DE GINÁSTICA E DANÇA S.A.,SMFT3,Consumo Cíclico / Academias
2024-09-04,586241984,smartfit,SMARTFIT ESCOLA DE GINÁSTICA E DANÇA S.A.,SMFT3,Consumo Cíclico / Academias
2024-09-05,586241984,smartfit,SMARTFIT ESCOLA DE GINÁSTICA E DANÇA S.A.,SMFT3,Consumo Cíclico / Academias
2024-09-07,592054976,smartfit,SMARTFIT ESCOLA DE GINÁSTICA E DANÇA S.A.,SMFT3,Consumo Cíclico / Academias
2024-09-07,586241984,smartfit,SMARTFIT ESCOLA DE GINÁSTICA E DANÇA S.A.,SMFT3,Consumo Cíclico / Academias
2024-09-11,586241984,smartfit,SMARTFIT ESCOLA DE GINÁSTICA E DANÇA S.A.,SMFT3,Consumo Cíclico / Academias
2024-09-12,586241984,smartfit,SMARTFIT ESCOLA DE GINÁSTICA E DANÇA S.A.,SMFT3,Consumo Cíclico / Academias
2024-09-14,586241984,smartfit,SMARTFIT ESCOLA DE GINÁSTICA E DANÇA S.A.,SMFT3,Consumo Cíclico / Academias
2024-09-17,586241984,smartfit,SMARTFIT ESCOLA DE GINÁSTICA E DANÇA S.A.,SMFT3,Consumo Cíclico / Academias
2024-09-17,589556992,smartfit,SMARTFIT ESCOLA DE GINÁSTICA E DANÇA S.A.,SMFT3,Consumo Cíclico / Academias
2024-09-18,586241984,smartfit,SMARTFIT ESCOLA DE GINÁSTICA E DANÇA S.A.,SMFT3,Consumo Cíclico / Academias
2024-09-19,586241984,smartfit,SMARTFIT ESCOLA DE GINÁSTICA E DANÇA S.A.,SMFT3,Consumo Cíclico / Academias
2024-09-20,586241984,smartfit,SMARTFIT ESCOLA DE GINÁSTICA E DANÇA S.A.,SMFT3,Consumo Cíclico / Academias
2024-09-20,591606976,smartfit,SMARTFIT ESCOLA DE GINÁSTICA E DANÇA S.A.,SMFT3,Consumo Cíclico / Academias
2024-09-21,611556992,smartfit,SMARTFIT ESCOLA DE GINÁSTICA E DANÇA S.A.,SMFT3,Consumo Cíclico / Academias
2024-09-21,586241984,smartfit,SMARTFIT ESCOLA DE GINÁSTICA E DANÇA S.A.,SMFT3,Consumo Cíclico / Academias
2024-09-26,586241984,smartfit,SMARTFIT ESCOLA DE GINÁSTICA E DANÇA S.A.,SMFT3,Consumo Cíclico / Academias
2024-09-27,586241984,smartfit,SMARTFIT ESCOLA DE GINÁSTICA E DANÇA S.A.,SMFT3,Consumo Cíclico / Academias
2024-10-01,588702976,smartfit,SMARTFIT ESCOLA DE GINÁSTICA E DANÇA S.A.,SMFT3,Consumo Cíclico / Academias
2024-10-01,586241984,smartfit,SMARTFIT ESCOLA DE GINÁSTICA E DANÇA S.A.,SMFT3,Consumo Cíclico / Academias
2024-10-02,586241984,smartfit,SMARTFIT ESCOLA DE GINÁSTICA E DANÇA S.A.,SMFT3,Consumo Cíclico / Academias
2024-10-04,586241984,smartfit,SMARTFIT ESCOLA DE GINÁSTICA E DANÇA S.A.,SMFT3,Consumo Cíclico / Academias
2024-10-09,586241984,smartfit,SMARTFIT ESCOLA DE GINÁSTICA E DANÇA S.A.,SMFT3,Consumo Cíclico / Academias
2024-10-11,586241984,smartfit,SMARTFIT ESCOLA DE GINÁSTICA E DANÇA S.A.,SMFT3,Consumo Cíclico / Academias
2024-10-11,595633024,smartfit,SMARTFIT ESCOLA DE GINÁSTICA E DANÇA S.A.,SMFT3,Consumo Cíclico / Academias
2024-10-12,586241984,smartfit,SMARTFIT ESCOLA DE GINÁSTICA E DANÇA S.A.,SMFT3,Consumo Cíclico / Academias
2024-10-16,586241984,smartfit,SMARTFIT ESCOLA DE GINÁSTICA E DANÇA S.A.,SMFT3,Consumo Cíclico / Academias
2024-10-17,586241984,smartfit,SMARTFIT ESCOLA DE GINÁSTICA E DANÇA S.A.,SMFT3,Consumo Cíclico / Academias
2024-10-19,610057984,smartfit,SMARTFIT ESCOLA DE GINÁSTICA E DANÇA S.A.,SMFT3,Consumo Cíclico / Academias
2024-10-19,586241984,smartfit,SMARTFIT ESCOLA DE GINÁSTICA E DANÇA S.A.,SMFT3,Consumo Cíclico / Academias
2024-10-23,586241984,smartfit,SMARTFIT ESCOLA DE GINÁSTICA E DANÇA S.A.,SMFT3,Consumo Cíclico / Academias
2024-10-29,586241984,smartfit,SMARTFIT ESCOLA DE GINÁSTICA E DANÇA S.A.,SMFT3,Consumo Cíclico / Academias
2024-10-30,586241984,smartfit,SMARTFIT ESCOLA DE GINÁSTICA E DANÇA S.A.,SMFT3,Consumo Cíclico / Academias
2024-10-30,589246016,smartfit,SMARTFIT ESCOLA DE GINÁSTICA E DANÇA S.A.,SMFT3,Consumo Cíclico / Academias
2024-10-31,586241984,smartfit,SMARTFIT ESCOLA DE GINÁSTICA E DANÇA S.A.,SMFT3,Consumo Cíclico / Academias
2024-11-01,586241984,smartfit,SMARTFIT ESCOLA DE GINÁSTICA E DANÇA S.A.,SMFT3,Consumo Cíclico / Academias
2024-11-02,586241984,smartfit,SMARTFIT ESCOLA DE GINÁSTICA E DANÇA S.A.,SMFT3,Consumo Cíclico / Academias
2024-11-05,586241984,smartfit,SMARTFIT ESCOLA DE GINÁSTICA E DANÇA S.A.,SMFT3,Consumo Cíclico / Academias
2024-11-07,586241984,smartfit,SMARTFIT ESCOLA DE GINÁSTICA E DANÇA S.A.,SMFT3,Consumo Cíclico / Academias
2024-11-08,616400000,smartfit,SMARTFIT ESCOLA DE GINÁSTICA E DANÇA S.A.,SMFT3,Consumo Cíclico / Academias
2024-11-08,586241984,smartfit,SMARTFIT ESCOLA DE GINÁSTICA E DANÇA S.A.,SMFT3,Consumo Cíclico / Academias
2024-11-13,586241984,smartfit,SMARTFIT ESCOLA DE GINÁSTICA E DANÇA S.A.,SMFT3,Consumo Cíclico / Academias
2024-11-14,586241984,smartfit,SMARTFIT ESCOLA DE GINÁSTICA E DANÇA S.A.,SMFT3,Consumo Cíclico / Academias
2024-11-20,586241984,smartfit,SMARTFIT ESCOLA DE GINÁSTICA E DANÇA S.A.,SMFT3,Consumo Cíclico / Academias
2024-11-22,586241984,smartfit,SMARTFIT ESCOLA DE GINÁSTICA E DANÇA S.A.,SMFT3,Consumo Cíclico / Academias
2024-11-23,586241984,smartfit,SMARTFIT ESCOLA DE GINÁSTICA E DANÇA S.A.,SMFT3,Consumo Cíclico / Academias
2024-11-28,586241984,smartfit,SMARTFIT ESCOLA DE GINÁSTICA E DANÇA S.A.,SMFT3,Consumo Cíclico / Academias
2024-11-29,586241984,smartfit,SMARTFIT ESCOLA DE GINÁSTICA E DANÇA S.A.,SMFT3,Consumo Cíclico / Academias
2024-11-30,586241984,smartfit,SMARTFIT ESCOLA DE GINÁSTICA E DANÇA S.A.,SMFT3,Consumo Cíclico / Academias
2024-11-30,591068992,smartfit,SMARTFIT ESCOLA DE GINÁSTICA E DANÇA S.A.,SMFT3,Consumo Cíclico / Academias
2024-12-04,586241984,smartfit,SMARTFIT ESCOLA DE GINÁSTICA E DANÇA S.A.,SMFT3,Consumo Cíclico / Academias
2024-12-12,586241984,smartfit,SMARTFIT ESCOLA DE GINÁSTICA E DANÇA S.A.,SMFT3,Consumo Cíclico / Academias
2024-12-13,608187008,smartfit,SMARTFIT ESCOLA DE GINÁSTICA E DANÇA S.A.,SMFT3,Consumo Cíclico / Academias
2024-12-14,586241984,smartfit,SMARTFIT ESCOLA DE GINÁSTICA E DANÇA S.A.,SMFT3,Consumo Cíclico / Academias
2024-12-14,590982976,smartfit,SMARTFIT ESCOLA DE GINÁSTICA E DANÇA S.A.,SMFT3,Consumo Cíclico / Academias
2024-12-17,586241984,smartfit,SMARTFIT ESCOLA DE GINÁSTICA E DANÇA S.A.,SMFT3,Consumo Cíclico / Academias
2024-12-18,586241984,smartfit,SMARTFIT ESCOLA DE GINÁSTICA E DANÇA S.A.,SMFT3,Consumo Cíclico / Academias
2024-12-19,586241984,smartfit,SMARTFIT ESCOLA DE GINÁSTICA E DANÇA S.A.,SMFT3,Consumo Cíclico / Academias
2024-12-20,586241984,smartfit,SMARTFIT ESCOLA DE GINÁSTICA E DANÇA S.A.,SMFT3,Consumo Cíclico / Academias
2024-12-21,586241984,smartfit,SMARTFIT ESCOLA DE GINÁSTICA E DANÇA S.A.,SMFT3,Consumo Cíclico / Academias
2024-12-24,586241984,smartfit,SMARTFIT ESCOLA DE GINÁSTICA E DANÇA S.A.,SMFT3,Consumo Cíclico / Academias
2024-12-27,586241984,smartfit,SMARTFIT ESCOLA DE GINÁSTICA E DANÇA S.A.,SMFT3,Consumo Cíclico / Academias
2025-01-08,587673024,smartfit,SMARTFIT ESCOLA DE GINÁSTICA E DANÇA S.A.,SMFT3,Consumo Cíclico / Academias
2025-01-09,587673024,smartfit,SMARTFIT ESCOLA DE GINÁSTICA E DANÇA S.A.,SMFT3,Consumo Cíclico / Academias
2025-01-10,587673024,smartfit,SMARTFIT ESCOLA DE GINÁSTICA E DANÇA S.A.,SMFT3,Consumo Cíclico / Academias
2025-01-11,587673024,smartfit,SMARTFIT ESCOLA DE GINÁSTICA E DANÇA S.A.,SMFT3,Consumo Cíclico / Academias
2025-01-14,592753984,smartfit,SMARTFIT ESCOLA DE GINÁSTICA E DANÇA S.A.,SMFT3,Consumo Cíclico / Academias
2025-01-14,587673024,smartfit,SMARTFIT ESCOLA DE GINÁSTICA E DANÇA S.A.,SMFT3,Consumo Cíclico / Academias
2025-01-15,587673024,smartfit,SMARTFIT ESCOLA DE GINÁSTICA E DANÇA S.A.,SMFT3,Consumo Cíclico / Academias
2025-01-17,587673024,smartfit,SMARTFIT ESCOLA DE GINÁSTICA E DANÇA S.A.,SMFT3,Consumo Cíclico / Academias
2025-01-18,589313024,smartfit,SMARTFIT ESCOLA DE GINÁSTICA E DANÇA S.A.,SMFT3,Consumo Cíclico / Academias
2025-01-18,587673024,smartfit,SMARTFIT ESCOLA DE GINÁSTICA E DANÇA S.A.,SMFT3,Consumo Cíclico / Academias
2025-01-22,587673024,smartfit,SMARTFIT ESCOLA DE GINÁSTICA E DANÇA S.A.,SMFT3,Consumo Cíclico / Academias
2025-01-23,587673024,smartfit,SMARTFIT ESCOLA DE GINÁSTICA E DANÇA S.A.,SMFT3,Consumo Cíclico / Academias
2025-01-24,587673024,smartfit,SMARTFIT ESCOLA DE GINÁSTICA E DANÇA S.A.,SMFT3,Consumo Cíclico / Academias
2025-01-25,587673024,smartfit,SMARTFIT ESCOLA DE GINÁSTICA E DANÇA S.A.,SMFT3,Consumo Cíclico / Academias
2025-01-29,587673024,smartfit,SMARTFIT ESCOLA DE GINÁSTICA E DANÇA S.A.,SMFT3,Consumo Cíclico / Academias
2025-01-31,587673024,smartfit,SMARTFIT ESCOLA DE GINÁSTICA E DANÇA S.A.,SMFT3,Consumo Cíclico / Academias
2025-02-04,587673024,smartfit,SMARTFIT ESCOLA DE GINÁSTICA E DANÇA S.A.,SMFT3,Consumo Cíclico / Academias
2025-02-06,587673024,smartfit,SMARTFIT ESCOLA DE GINÁSTICA E DANÇA S.A.,SMFT3,Consumo Cíclico / Academias
2025-02-07,587673024,smartfit,SMARTFIT ESCOLA DE GINÁSTICA E DANÇA S.A.,SMFT3,Consumo Cíclico / Academias
2025-02-08,587673024,smartfit,SMARTFIT ESCOLA DE GINÁSTICA E DANÇA S.A.,SMFT3,Consumo Cíclico / Academias
2025-02-08,616769024,smartfit,SMARTFIT ESCOLA DE GINÁSTICA E DANÇA S.A.,SMFT3,Consumo Cíclico / Academias
2025-02-11,607846016,smartfit,SMARTFIT ESCOLA DE GINÁSTICA E DANÇA S.A.,SMFT3,Consumo Cíclico / Academias
2025-02-11,587673024,smartfit,SMARTFIT ESCOLA DE GINÁSTICA E DANÇA S.A.,SMFT3,Consumo Cíclico / Academias
2025-02-12,587673024,smartfit,SMARTFIT ESCOLA DE GINÁSTICA E DANÇA S.A.,SMFT3,Consumo Cíclico / Academias
2025-02-13,589889024,smartfit,SMARTFIT ESCOLA DE GINÁSTICA E DANÇA S.A.,SMFT3,Consumo Cíclico / Academias
2025-02-13,587673024,smartfit,SMARTFIT ESCOLA DE GINÁSTICA E DANÇA S.A.,SMFT3,Consumo Cíclico / Academias
2025-02-14,587673024,smartfit,SMARTFIT ESCOLA DE GINÁSTICA E DANÇA S.A.,SMFT3,Consumo Cíclico / Academias
2025-02-19,587673024,smartfit,SMARTFIT ESCOLA DE GINÁSTICA E DANÇA S.A.,SMFT3,Consumo Cíclico / Academias
2025-02-22,587673024,smartfit,SMARTFIT ESCOLA DE GINÁSTICA E DANÇA S.A.,SMFT3,Consumo Cíclico / Academias
2025-02-25,587673024,smartfit,SMARTFIT ESCOLA DE GINÁSTICA E DANÇA S.A.,SMFT3,Consumo Cíclico / Academias
2025-02-26,587673024,smartfit,SMARTFIT ESCOLA DE GINÁSTICA E DANÇA S.A.,SMFT3,Consumo Cíclico / Academias
2025-02-27,587673024,smartfit,SMARTFIT ESCOLA DE GINÁSTICA E DANÇA S.A.,SMFT3,Consumo Cíclico / Academias
2025-02-28,587673024,smartfit,SMARTFIT ESCOLA DE GINÁSTICA E DANÇA S.A.,SMFT3,Consumo Cíclico / Academias
2025-03-07,587673024,smartfit,SMARTFIT ESCOLA DE GINÁSTICA E DANÇA S.A.,SMFT3,Consumo Cíclico / Academias
2025-03-11,591424000,smartfit,SMARTFIT ESCOLA DE GINÁSTICA E DANÇA S.A.,SMFT3,Consumo Cíclico / Academias
2025-03-11,587673024,smartfit,SMARTFIT ESCOLA DE GINÁSTICA E DANÇA S.A.,SMFT3,Consumo Cíclico / Academias
2025-03-12,597249984,smartfit,SMARTFIT ESCOLA DE GINÁSTICA E DANÇA S.A.,SMFT3,Consumo Cíclico / Academias
2025-03-13,597249984,smartfit,SMARTFIT ESCOLA DE GINÁSTICA E DANÇA S.A.,SMFT3,Consumo Cíclico / Academias
2025-03-14,597249984,smartfit,SMARTFIT ESCOLA DE GINÁSTICA E DANÇA S.A.,SMFT3,Consumo Cíclico / Academias
2025-03-15,597249984,smartfit,SMARTFIT ESCOLA DE GINÁSTICA E DANÇA S.A.,SMFT3,Consumo Cíclico / Academias
2025-03-21,597249984,smartfit,SMARTFIT ESCOLA DE GINÁSTICA E DANÇA S.A.,SMFT3,Consumo Cíclico / Academias
2025-03-22,598705024,smartfit,SMARTFIT ESCOLA DE GINÁSTICA E DANÇA S.A.,SMFT3,Consumo Cíclico / Academias
2025-03-22,597249984,smartfit,SMARTFIT ESCOLA DE GINÁSTICA E DANÇA S.A.,SMFT3,Consumo Cíclico / Academias
2025-03-25,597249984,smartfit,SMARTFIT ESCOLA DE GINÁSTICA E DANÇA S.A.,SMFT3,Consumo Cíclico / Academias
2025-03-26,597249984,smartfit,SMARTFIT ESCOLA DE GINÁSTICA E DANÇA S.A.,SMFT3,Consumo Cíclico / Academias
2025-03-27,598401024,smartfit,SMARTFIT ESCOLA DE GINÁSTICA E DANÇA S.A.,SMFT3,Consumo Cíclico / Academias
2025-03-27,597249984,smartfit,SMARTFIT ESCOLA DE GINÁSTICA E DANÇA S.A.,SMFT3,Consumo Cíclico / Academias
2025-03-28,597249984,smartfit,SMARTFIT ESCOLA DE GINÁSTICA E DANÇA S.A.,SMFT3,Consumo Cíclico / Academias
2025-04-01,597249984,smartfit,SMARTFIT ESCOLA DE GINÁSTICA E DANÇA S.A.,SMFT3,Consumo Cíclico / Academias
2025-04-01,624451008,smartfit,SMARTFIT ESCOLA DE GINÁSTICA E DANÇA S.A.,SMFT3,Consumo Cíclico / Academias
2025-04-03,597249984,smartfit,SMARTFIT ESCOLA DE GINÁSTICA E DANÇA S.A.,SMFT3,Consumo Cíclico / Academias
2025-04-04,597249984,smartfit,SMARTFIT ESCOLA DE GINÁSTICA E DANÇA S.A.,SMFT3,Consumo Cíclico / Academias
2025-04-09,597249984,smartfit,SMARTFIT ESCOLA DE GINÁSTICA E DANÇA S.A.,SMFT3,Consumo Cíclico / Academias
2025-04-16,597249984,smartfit,SMARTFIT ESCOLA DE GINÁSTICA E DANÇA S.A.,SMFT3,Consumo Cíclico / Academias
2025-04-17,597249984,smartfit,SMARTFIT ESCOLA DE GINÁSTICA E DANÇA S.A.,SMFT3,Consumo Cíclico / Academias
2025-04-25,597249984,smartfit,SMARTFIT ESCOLA DE GINÁSTICA E DANÇA S.A.,SMFT3,Consumo Cíclico / Academias
2025-04-26,598240000,smartfit,SMARTFIT ESCOLA DE GINÁSTICA E DANÇA S.A.,SMFT3,Consumo Cíclico / Academias
2025-04-29,597249984,smartfit,SMARTFIT ESCOLA DE GINÁSTICA E DANÇA S.A.,SMFT3,Consumo Cíclico / Academias
2025-04-30,597249984,smartfit,SMARTFIT ESCOLA DE GINÁSTICA E DANÇA S.A.,SMFT3,Consumo Cíclico / Academias
2025-05-01,598960000,smartfit,SMARTFIT ESCOLA DE GINÁSTICA E DANÇA S.A.,SMFT3,Consumo Cíclico / Academias
2025-05-01,597249984,smartfit,SMARTFIT ESCOLA DE GINÁSTICA E DANÇA S.A.,SMFT3,Consumo Cíclico / Academias
2025-05-03,597249984,smartfit,SMARTFIT ESCOLA DE GINÁSTICA E DANÇA S.A.,SMFT3,Consumo Cíclico / Academias
2025-05-07,617099008,smartfit,SMARTFIT ESCOLA DE GINÁSTICA E DANÇA S.A.,SMFT3,Consumo Cíclico / Academias
2025-05-07,597249984,smartfit,SMARTFIT ESCOLA DE GINÁSTICA E DANÇA S.A.,SMFT3,Consumo Cíclico / Academias
2025-05-09,602105984,smartfit,SMARTFIT ESCOLA DE GINÁSTICA E DANÇA S.A.,SMFT3,Consumo Cíclico / Academias
2025-05-09,597249984,smartfit,SMARTFIT ESCOLA DE GINÁSTICA E DANÇA S.A.,SMFT3,Consumo Cíclico / Academias
2025-05-14,597249984,smartfit,SMARTFIT ESCOLA DE GINÁSTICA E DANÇA S.A.,SMFT3,Consumo Cíclico / Academias
2025-05-15,597249984,smartfit,SMARTFIT ESCOLA DE GINÁSTICA E DANÇA S.A.,SMFT3,Consumo Cíclico / Academias
2025-05-15,603660992,smartfit,SMARTFIT ESCOLA DE GINÁSTICA E DANÇA S.A.,SMFT3,Consumo Cíclico / Academias
2025-05-21,597249984,smartfit,SMARTFIT ESCOLA DE GINÁSTICA E DANÇA S.A.,SMFT3,Consumo Cíclico / Academias
2025-05-22,597249984,smartfit,SMARTFIT ESCOLA DE GINÁSTICA E DANÇA S.A.,SMFT3,Consumo Cíclico / Academias
2025-05-24,597249984,smartfit,SMARTFIT ESCOLA DE GINÁSTICA E DANÇA S.A.,SMFT3,Consumo Cíclico / Academias
2025-05-27,597249984,smartfit,SMARTFIT ESCOLA DE GINÁSTICA E DANÇA S.A.,SMFT3,Consumo Cíclico / Academias
2025-05-28,597249984,smartfit,SMARTFIT ESCOLA DE GINÁSTICA E DANÇA S.A.,SMFT3,Consumo Cíclico / Academias
2025-05-29,603640000,smartfit,SMARTFIT ESCOLA DE GINÁSTICA E DANÇA S.A.,SMFT3,Consumo Cíclico / Academias
2025-05-29,597249984,smartfit,SMARTFIT ESCOLA DE GINÁSTICA E DANÇA S.A.,SMFT3,Consumo Cíclico / Academias
2025-05-30,606484992,smartfit,SMARTFIT ESCOLA DE GINÁSTICA E DANÇA S.A.,SMFT3,Consumo Cíclico / Academias
2025-05-30,597249984,smartfit,SMARTFIT ESCOLA DE GINÁSTICA E DANÇA S.A.,SMFT3,Consumo Cíclico / Academias
2025-05-31,597249984,smartfit,SMARTFIT ESCOLA DE GINÁSTICA E DANÇA S.A.,SMFT3,Consumo Cíclico / Academias
2025-06-03,597249984,smartfit,SMARTFIT ESCOLA DE GINÁSTICA E DANÇA S.A.,SMFT3,Consumo Cíclico / Academias
2025-06-04,597249984,smartfit,SMARTFIT ESCOLA DE GINÁSTICA E DANÇA S.A.,SMFT3,Consumo Cíclico / Academias
2025-06-05,597249984,smartfit,SMARTFIT ESCOLA DE GINÁSTICA E DANÇA S.A.,SMFT3,Consumo Cíclico / Academias
2025-06-06,597969984,smartfit,SMARTFIT ESCOLA DE GINÁSTICA E DANÇA S.A.,SMFT3,Consumo Cíclico / Academias
2025-06-06,597249984,smartfit,SMARTFIT ESCOLA DE GINÁSTICA E DANÇA S.A.,SMFT3,Consumo Cíclico / Academias
2025-06-07,597249984,smartfit,SMARTFIT ESCOLA DE GINÁSTICA E DANÇA S.A.,SMFT3,Consumo Cíclico / Academias
2025-06-11,597249984,smartfit,SMARTFIT ESCOLA DE GINÁSTICA E DANÇA S.A.,SMFT3,Consumo Cíclico / Academias
2025-06-13,597249984,smartfit,SMARTFIT ESCOLA DE GINÁSTICA E DANÇA S.A.,SMFT3,Consumo Cíclico / Academias
2025-06-14,597249984,smartfit,SMARTFIT ESCOLA DE GINÁSTICA E DANÇA S.A.,SMFT3,Consumo Cíclico / Academias
2025-06-18,597249984,smartfit,SMARTFIT ESCOLA DE GINÁSTICA E DANÇA S.A.,SMFT3,Consumo Cíclico / Academias
2025-06-18,603921984,smartfit,SMARTFIT ESCOLA DE GINÁSTICA E DANÇA S.A.,SMFT3,Consumo Cíclico / Academias
2025-06-24,597249984,smartfit,SMARTFIT ESCOLA DE GINÁSTICA E DANÇA S.A.,SMFT3,Consumo Cíclico / Academias
2025-06-25,597249984,smartfit,SMARTFIT ESCOLA DE GINÁSTICA E DANÇA S.A.,SMFT3,Consumo Cíclico / Academias
2025-06-26,597249984,smartfit,SMARTFIT ESCOLA DE GINÁSTICA E DANÇA S.A.,SMFT3,Consumo Cíclico / Academias
2025-06-28,597249984,smartfit,SMARTFIT ESCOLA DE GINÁSTICA E DANÇA S.A.,SMFT3,Consumo Cíclico / Academias
2025-07-01,597249984,smartfit,SMARTFIT ESCOLA DE GINÁSTICA E DANÇA S.A.,SMFT3,Consumo Cíclico / Academias
2025-07-02,603321984,smartfit,SMARTFIT ESCOLA DE GINÁSTICA E DANÇA S.A.,SMFT3,Consumo Cíclico / Academias
2025-07-02,597249984,smartfit,SMARTFIT ESCOLA DE GINÁSTICA E DANÇA S.A.,SMFT3,Consumo Cíclico / Academias
2025-07-04,597249984,smartfit,SMARTFIT ESCOLA DE GINÁSTICA E DANÇA S.A.,SMFT3,Consumo Cíclico / Academias
2025-07-05,597249984,smartfit,SMARTFIT ESCOLA DE GINÁSTICA E DANÇA S.A.,SMFT3,Consumo Cíclico / Academias
2025-07-08,601110016,smartfit,SMARTFIT ESCOLA DE GINÁSTICA E DANÇA S.A.,SMFT3,Consumo Cíclico / Academias
2025-07-08,597249984,smartfit,SMARTFIT ESCOLA DE GINÁSTICA E DANÇA S.A.,SMFT3,Consumo Cíclico / Academias
2025-07-09,603753024,smartfit,SMARTFIT ESCOLA DE GINÁSTICA E DANÇA S.A.,SMFT3,Consumo Cíclico / Academias
2025-07-09,597249984,smartfit,SMARTFIT ESCOLA DE GINÁSTICA E DANÇA S.A.,SMFT3,Consumo Cíclico / Academias
2025-07-10,597249984,smartfit,SMARTFIT ESCOLA DE GINÁSTICA E DANÇA S.A.,SMFT3,Consumo Cíclico / Academias
2025-07-11,600403008,smartfit,SMARTFIT ESCOLA DE GINÁSTICA E DANÇA S.A.,SMFT3,Consumo Cíclico / Academias
2025-07-11,597249984,smartfit,SMARTFIT ESCOLA DE GINÁSTICA E DANÇA S.A.,SMFT3,Consumo Cíclico / Academias
2025-07-12,600153984,smartfit,SMARTFIT ESCOLA DE GINÁSTICA E DANÇA S.A.,SMFT3,Consumo Cíclico / Academias
2025-07-12,597249984,smartfit,SMARTFIT ESCOLA DE GINÁSTICA E DANÇA S.A.,SMFT3,Consumo Cíclico / Academias
2025-07-15,597246976,smartfit,SMARTFIT ESCOLA DE GINÁSTICA E DANÇA S.A.,SMFT3,Consumo Cíclico / Academias
2025-07-22,597246976,smartfit,SMARTFIT ESCOLA DE GINÁSTICA E DANÇA S.A.,SMFT3,Consumo Cíclico / Academias
2025-07-22,608897984,smartfit,SMARTFIT ESCOLA DE GINÁSTICA E DANÇA S.A.,SMFT3,Consumo Cíclico / Academias
2025-07-23,597246976,smartfit,SMARTFIT ESCOLA DE GINÁSTICA E DANÇA S.A.,SMFT3,Consumo Cíclico / Academias
2025-07-23,605971968,smartfit,SMARTFIT ESCOLA DE GINÁSTICA E DANÇA S.A.,SMFT3,Consumo Cíclico / Academias
2025-07-25,597246976,smartfit,SMARTFIT ESCOLA DE GINÁSTICA E DANÇA S.A.,SMFT3,Consumo Cíclico / Academias
2025-07-25,611980032,smartfit,SMARTFIT ESCOLA DE GINÁSTICA E DANÇA S.A.,SMFT3,Consumo Cíclico / Academias
2025-07-30,597246976,smartfit,SMARTFIT ESCOLA DE GINÁSTICA E DANÇA S.A.,SMFT3,Consumo Cíclico / Academias
2025-07-30,600120000,smartfit,SMARTFIT ESCOLA DE GINÁSTICA E DANÇA S.A.,SMFT3,Consumo Cíclico / Academias
2025-08-08,597246976,smartfit,SMARTFIT ESCOLA DE GINÁSTICA E DANÇA S.A.,SMFT3,Consumo Cíclico / Academias
2025-08-12,597246976,smartfit,SMARTFIT ESCOLA DE GINÁSTICA E DANÇA S.A.,SMFT3,Consumo Cíclico / Academias
2025-08-14,597246976,smartfit,SMARTFIT ESCOLA DE GINÁSTICA E DANÇA S.A.,SMFT3,Consumo Cíclico / Academias
2025-08-14,617571968,smartfit,SMARTFIT ESCOLA DE GINÁSTICA E DANÇA S.A.,SMFT3,Consumo Cíclico / Academias
2025-08-20,597246976,smartfit,SMARTFIT ESCOLA DE GINÁSTICA E DANÇA S.A.,SMFT3,Consumo Cíclico / Academias
2025-08-20,616728000,smartfit,SMARTFIT ESCOLA DE GINÁSTICA E DANÇA S.A.,SMFT3,Consumo Cíclico / Academias
2025-08-27,597246976,smartfit,SMARTFIT ESCOLA DE GINÁSTICA E DANÇA S.A.,SMFT3,Consumo Cíclico / Academias
2025-08-27,599776000,smartfit,SMARTFIT ESCOLA DE GINÁSTICA E DANÇA S.A.,SMFT3,Consumo Cíclico / Academias
2025-09-17,597247265,smartfit,SMARTFIT ESCOLA DE GINÁSTICA E DANÇA S.A.,SMFT3,Consumo Cíclico / Academias
2025-09-23,597247265,smartfit,SMARTFIT ESCOLA DE GINÁSTICA E DANÇA S.A.,SMFT3,Consumo Cíclico / Academias
2025-09-23,605021540,smartfit,SMARTFIT ESCOLA DE GINÁSTICA E DANÇA S.A.,SMFT3,Consumo Cíclico / Academias
2025-09-25,597247265,smartfit,SMARTFIT ESCOLA DE GINÁSTICA E DANÇA S.A.,SMFT3,Consumo Cíclico / Academias
2025-09-25,609012275,smartfit,SMARTFIT ESCOLA DE GINÁSTICA E DANÇA S.A.,SMFT3,Consumo Cíclico / Academias
2025-09-26,597247265,smartfit,SMARTFIT ESCOLA DE GINÁSTICA E DANÇA S.A.,SMFT3,Consumo Cíclico / Academias
2025-09-26,602131296,smartfit,SMARTFIT ESCOLA DE GINÁSTICA E DANÇA S.A.,SMFT3,Consumo Cíclico / Academias
2025-10-03,597247265,smartfit,SMARTFIT ESCOLA DE GINÁSTICA E DANÇA S.A.,SMFT3,Consumo Cíclico / Academias
2025-10-03,618459678,smartfit,SMARTFIT ESCOLA DE GINÁSTICA E DANÇA S.A.,SMFT3,Consumo Cíclico / Academias
2025-10-08,597247265,smartfit,SMARTFIT ESCOLA DE GINÁSTICA E DANÇA S.A.,SMFT3,Consumo Cíclico / Academias
2025-10-08,613270972,smartfit,SMARTFIT ESCOLA DE GINÁSTICA E DANÇA S.A.,SMFT3,Consumo Cíclico / Academias
2025-10-28,597247265,smartfit,SMARTFIT ESCOLA DE GINÁSTICA E DANÇA S.A.,SMFT3,Consumo Cíclico / Academias
2025-10-28,602138916,smartfit,SMARTFIT ESCOLA DE GINÁSTICA E DANÇA S.A.,SMFT3,Consumo Cíclico / Academias
2025-10-29,597247265,smartfit,SMARTFIT ESCOLA DE GINÁSTICA E DANÇA S.A.,SMFT3,Consumo Cíclico / Academias
2025-10-29,609610664,smartfit,SMARTFIT ESCOLA DE GINÁSTICA E DANÇA S.A.,SMFT3,Consumo Cíclico / Academias
2025-11-07,626003615,smartfit,SMARTFIT ESCOLA DE GINÁSTICA E DANÇA S.A.,SMFT3,Consumo Cíclico / Academias
2025-11-07,597247265,smartfit,SMARTFIT ESCOLA DE GINÁSTICA E DANÇA S.A.,SMFT3,Consumo Cíclico / Academias
2025-11-08,597247265,smartfit,SMARTFIT ESCOLA DE GINÁSTICA E DANÇA S.A.,SMFT3,Consumo Cíclico / Academias
2025-11-14,610513967,smartfit,SMARTFIT ESCOLA DE GINÁSTICA E DANÇA S.A.,SMFT3,Consumo Cíclico / Academias
2025-11-15,605779369,smartfit,SMARTFIT ESCOLA DE GINÁSTICA E DANÇA S.A.,SMFT3,Consumo Cíclico / Academias
2025-11-17,597247266,smartfit,SMARTFIT ESCOLA DE GINÁSTICA E DANÇA S.A.,SMFT3,Consumo Cíclico / Academias
2025-12-03,597247265,smartfit,SMARTFIT ESCOLA DE GINÁSTICA E DANÇA S.A.,SMFT3,Consumo Cíclico / Academias
